{
  "project_info": {
    "project_number": "87268444643",
    "project_id": "foodapp-f41bf",
    "storage_bucket": "foodapp-f41bf.appspot.com"
  },
  "client": [
    {
      "client_info": {
        "mobilesdk_app_id": "1:87268444643:android:2b6eac0f9ae4e8a3bdb8d6",
        "android_client_info": {
          "package_name": "com.aplicatiesma"
        }
      },
      "oauth_client": [
        {
          "client_id": "87268444643-hegctq87ce3ei8h8cdf6rmiipqm771dr.apps.googleusercontent.com",
          "client_type": 1,
          "android_info": {
            "package_name": "com.aplicatiesma",
            "certificate_hash": "73560a5b476dfc84f1ae0a8bb052e22d832accf3"
          }
        },
        {
          "client_id": "87268444643-m62mr2rj7gi616jclo4884msii4lnm51.apps.googleusercontent.com",
          "client_type": 3
        }
      ],
      "api_key": [
        {
          "current_key": "AIzaSyD4f7gNvArQCHnGn-_UI_jfBnHta8AXW6g"
        }
      ],
      "services": {
        "appinvite_service": {
          "other_platform_oauth_client": [
            {
              "client_id": "87268444643-m62mr2rj7gi616jclo4884msii4lnm51.apps.googleusercontent.com",
              "client_type": 3
            }
          ]
        }
      }
    },
    {
      "client_info": {
        "mobilesdk_app_id": "1:87268444643:android:226e3cd1c9384c64bdb8d6",
        "android_client_info": {
          "package_name": "com.example.foodapp"
        }
      },
      "oauth_client": [
        {
          "client_id": "87268444643-e5d1t8cpsv5pabpqq898qkk1ccinnpkr.apps.googleusercontent.com",
          "client_type": 1,
          "android_info": {
            "package_name": "com.example.foodapp",
            "certificate_hash": "73560a5b476dfc84f1ae0a8bb052e22d832accf3"
          }
        },
        {
          "client_id": "87268444643-m62mr2rj7gi616jclo4884msii4lnm51.apps.googleusercontent.com",
          "client_type": 3
        }
      ],
      "api_key": [
        {
          "current_key": "AIzaSyD4f7gNvArQCHnGn-_UI_jfBnHta8AXW6g"
        }
      ],
      "services": {
        "appinvite_service": {
          "other_platform_oauth_client": [
            {
              "client_id": "87268444643-m62mr2rj7gi616jclo4884msii4lnm51.apps.googleusercontent.com",
              "client_type": 3
            }
          ]
        }
      }
    },
    {
      "client_info": {
        "mobilesdk_app_id": "1:87268444643:android:646d5b99e29ae553bdb8d6",
        "android_client_info": {
          "package_name": "com.example.myapplication"
        }
      },
      "oauth_client": [
        {
          "client_id": "87268444643-33i5t2a613e8r37qhlvsh3j5a42m8iqf.apps.googleusercontent.com",
          "client_type": 1,
          "android_info": {
            "package_name": "com.example.myapplication",
            "certificate_hash": "73560a5b476dfc84f1ae0a8bb052e22d832accf3"
          }
        },
        {
          "client_id": "87268444643-m62mr2rj7gi616jclo4884msii4lnm51.apps.googleusercontent.com",
          "client_type": 3
        }
      ],
      "api_key": [
        {
          "current_key": "AIzaSyD4f7gNvArQCHnGn-_UI_jfBnHta8AXW6g"
        }
      ],
      "services": {
        "appinvite_service": {
          "other_platform_oauth_client": [
            {
              "client_id": "87268444643-m62mr2rj7gi616jclo4884msii4lnm51.apps.googleusercontent.com",
              "client_type": 3
            }
          ]
        }
      }
    }
  ],
  "configuration_version": "1"
}